,cut_number,y,x
0,0,2104,3100
1,0,2104,3101
2,0,2104,3102
3,0,2104,3103
4,0,2104,3104
5,0,2104,3105
6,0,2104,3106
7,0,2104,3107
8,0,2105,3100
9,0,2105,3101
10,0,2105,3102
11,0,2105,3103
12,0,2105,3104
13,0,2105,3105
14,0,2105,3106
15,0,2105,3107
16,0,2106,3098
17,0,2106,3099
18,0,2106,3100
19,0,2106,3101
20,0,2106,3102
21,0,2106,3103
22,0,2106,3104
23,0,2106,3105
24,0,2106,3106
25,0,2106,3107
26,0,2106,3108
27,0,2106,3109
28,0,2107,3098
29,0,2107,3099
30,0,2107,3100
31,0,2107,3101
32,0,2107,3102
33,0,2107,3103
34,0,2107,3104
35,0,2107,3105
36,0,2107,3106
37,0,2107,3107
38,0,2107,3108
39,0,2107,3109
40,0,2108,3096
41,0,2108,3097
42,0,2108,3098
43,0,2108,3099
44,0,2108,3100
45,0,2108,3101
46,0,2108,3102
47,0,2108,3103
48,0,2108,3104
49,0,2108,3105
50,0,2108,3106
51,0,2108,3107
52,0,2108,3108
53,0,2108,3109
54,0,2108,3110
55,0,2108,3111
56,0,2109,3096
57,0,2109,3097
58,0,2109,3098
59,0,2109,3099
60,0,2109,3100
61,0,2109,3101
62,0,2109,3102
63,0,2109,3103
64,0,2109,3104
65,0,2109,3105
66,0,2109,3106
67,0,2109,3107
68,0,2109,3108
69,0,2109,3109
70,0,2109,3110
71,0,2109,3111
72,0,2110,3096
73,0,2110,3097
74,0,2110,3098
75,0,2110,3099
76,0,2110,3100
77,0,2110,3101
78,0,2110,3102
79,0,2110,3103
80,0,2110,3104
81,0,2110,3105
82,0,2110,3106
83,0,2110,3107
84,0,2110,3108
85,0,2110,3109
86,0,2110,3110
87,0,2110,3111
88,0,2111,3096
89,0,2111,3097
90,0,2111,3098
91,0,2111,3099
92,0,2111,3100
93,0,2111,3101
94,0,2111,3102
95,0,2111,3103
96,0,2111,3104
97,0,2111,3105
98,0,2111,3106
99,0,2111,3107
100,0,2111,3108
101,0,2111,3109
102,0,2111,3110
103,0,2111,3111
104,0,2112,3096
105,0,2112,3097
106,0,2112,3098
107,0,2112,3099
108,0,2112,3100
109,0,2112,3101
110,0,2112,3102
111,0,2112,3103
112,0,2112,3104
113,0,2112,3105
114,0,2112,3106
115,0,2112,3107
116,0,2112,3108
117,0,2112,3109
118,0,2112,3110
119,0,2112,3111
120,0,2113,3096
121,0,2113,3097
122,0,2113,3098
123,0,2113,3099
124,0,2113,3100
125,0,2113,3101
126,0,2113,3102
127,0,2113,3103
128,0,2113,3104
129,0,2113,3105
130,0,2113,3106
131,0,2113,3107
132,0,2113,3108
133,0,2113,3109
134,0,2113,3110
135,0,2113,3111
136,0,2114,3096
137,0,2114,3097
138,0,2114,3098
139,0,2114,3099
140,0,2114,3100
141,0,2114,3101
142,0,2114,3102
143,0,2114,3103
144,0,2114,3104
145,0,2114,3105
146,0,2114,3106
147,0,2114,3107
148,0,2114,3108
149,0,2114,3109
150,0,2114,3110
151,0,2114,3111
152,0,2115,3096
153,0,2115,3097
154,0,2115,3098
155,0,2115,3099
156,0,2115,3100
157,0,2115,3101
158,0,2115,3102
159,0,2115,3103
160,0,2115,3104
161,0,2115,3105
162,0,2115,3106
163,0,2115,3107
164,0,2115,3108
165,0,2115,3109
166,0,2115,3110
167,0,2115,3111
168,0,2116,3098
169,0,2116,3099
170,0,2116,3100
171,0,2116,3101
172,0,2116,3102
173,0,2116,3103
174,0,2116,3104
175,0,2116,3105
176,0,2116,3106
177,0,2116,3107
178,0,2116,3108
179,0,2116,3109
180,0,2116,3110
181,0,2116,3111
182,0,2117,3098
183,0,2117,3099
184,0,2117,3100
185,0,2117,3101
186,0,2117,3102
187,0,2117,3103
188,0,2117,3104
189,0,2117,3105
190,0,2117,3106
191,0,2117,3107
192,0,2117,3108
193,0,2117,3109
194,0,2117,3110
195,0,2117,3111
196,0,2118,3100
197,0,2118,3101
198,0,2118,3102
199,0,2118,3103
200,0,2118,3104
201,0,2118,3105
202,0,2118,3106
203,0,2118,3107
204,0,2118,3108
205,0,2118,3109
206,0,2118,3110
207,0,2118,3111
208,0,2119,3100
209,0,2119,3101
210,0,2119,3102
211,0,2119,3103
212,0,2119,3104
213,0,2119,3105
214,0,2119,3106
215,0,2119,3107
216,0,2119,3108
217,0,2119,3109
218,0,2119,3110
219,0,2119,3111
220,1,1462,3484
221,1,1462,3485
222,1,1462,3486
223,1,1462,3487
224,1,1463,3484
225,1,1463,3485
226,1,1463,3486
227,1,1463,3487
228,1,1464,3484
229,1,1464,3485
230,1,1464,3486
231,1,1464,3487
232,1,1465,3484
233,1,1465,3485
234,1,1465,3486
235,1,1465,3487
236,2,1232,1914
237,2,1232,1915
238,2,1232,1916
239,2,1232,1917
240,2,1232,1918
241,2,1232,1919
242,2,1232,1920
243,2,1232,1921
244,2,1233,1914
245,2,1233,1915
246,2,1233,1916
247,2,1233,1917
248,2,1233,1918
249,2,1233,1919
250,2,1233,1920
251,2,1233,1921
252,2,1234,1912
253,2,1234,1913
254,2,1234,1914
255,2,1234,1915
256,2,1234,1916
257,2,1234,1917
258,2,1234,1918
259,2,1234,1919
260,2,1234,1920
261,2,1234,1921
262,2,1234,1922
263,2,1234,1923
264,2,1234,1924
265,2,1234,1925
266,2,1235,1912
267,2,1235,1913
268,2,1235,1914
269,2,1235,1915
270,2,1235,1916
271,2,1235,1917
272,2,1235,1918
273,2,1235,1919
274,2,1235,1920
275,2,1235,1921
276,2,1235,1922
277,2,1235,1923
278,2,1235,1924
279,2,1235,1925
280,2,1236,1910
281,2,1236,1911
282,2,1236,1912
283,2,1236,1913
284,2,1236,1914
285,2,1236,1915
286,2,1236,1916
287,2,1236,1917
288,2,1236,1918
289,2,1236,1919
290,2,1236,1920
291,2,1236,1921
292,2,1236,1922
293,2,1236,1923
294,2,1236,1924
295,2,1236,1925
296,2,1237,1910
297,2,1237,1911
298,2,1237,1912
299,2,1237,1913
300,2,1237,1914
301,2,1237,1915
302,2,1237,1916
303,2,1237,1917
304,2,1237,1918
305,2,1237,1919
306,2,1237,1920
307,2,1237,1921
308,2,1237,1922
309,2,1237,1923
310,2,1237,1924
311,2,1237,1925
312,2,1238,1910
313,2,1238,1911
314,2,1238,1912
315,2,1238,1913
316,2,1238,1914
317,2,1238,1915
318,2,1238,1916
319,2,1238,1917
320,2,1238,1918
321,2,1238,1919
322,2,1238,1920
323,2,1238,1921
324,2,1238,1922
325,2,1238,1923
326,2,1238,1924
327,2,1238,1925
328,2,1238,1926
329,2,1238,1927
330,2,1239,1910
331,2,1239,1911
332,2,1239,1912
333,2,1239,1913
334,2,1239,1914
335,2,1239,1915
336,2,1239,1916
337,2,1239,1917
338,2,1239,1918
339,2,1239,1919
340,2,1239,1920
341,2,1239,1921
342,2,1239,1922
343,2,1239,1923
344,2,1239,1924
345,2,1239,1925
346,2,1239,1926
347,2,1239,1927
348,2,1240,1910
349,2,1240,1911
350,2,1240,1912
351,2,1240,1913
352,2,1240,1914
353,2,1240,1915
354,2,1240,1916
355,2,1240,1917
356,2,1240,1918
357,2,1240,1919
358,2,1240,1920
359,2,1240,1921
360,2,1240,1922
361,2,1240,1923
362,2,1240,1924
363,2,1240,1925
364,2,1240,1926
365,2,1240,1927
366,2,1241,1910
367,2,1241,1911
368,2,1241,1912
369,2,1241,1913
370,2,1241,1914
371,2,1241,1915
372,2,1241,1916
373,2,1241,1917
374,2,1241,1918
375,2,1241,1919
376,2,1241,1920
377,2,1241,1921
378,2,1241,1922
379,2,1241,1923
380,2,1241,1924
381,2,1241,1925
382,2,1241,1926
383,2,1241,1927
384,2,1242,1910
385,2,1242,1911
386,2,1242,1912
387,2,1242,1913
388,2,1242,1914
389,2,1242,1915
390,2,1242,1916
391,2,1242,1917
392,2,1242,1918
393,2,1242,1919
394,2,1242,1920
395,2,1242,1921
396,2,1242,1922
397,2,1242,1923
398,2,1242,1924
399,2,1242,1925
400,2,1242,1926
401,2,1242,1927
402,2,1243,1910
403,2,1243,1911
404,2,1243,1912
405,2,1243,1913
406,2,1243,1914
407,2,1243,1915
408,2,1243,1916
409,2,1243,1917
410,2,1243,1918
411,2,1243,1919
412,2,1243,1920
413,2,1243,1921
414,2,1243,1922
415,2,1243,1923
416,2,1243,1924
417,2,1243,1925
418,2,1243,1926
419,2,1243,1927
420,2,1244,1910
421,2,1244,1911
422,2,1244,1912
423,2,1244,1913
424,2,1244,1914
425,2,1244,1915
426,2,1244,1916
427,2,1244,1917
428,2,1244,1918
429,2,1244,1919
430,2,1244,1920
431,2,1244,1921
432,2,1244,1922
433,2,1244,1923
434,2,1244,1924
435,2,1244,1925
436,2,1245,1910
437,2,1245,1911
438,2,1245,1912
439,2,1245,1913
440,2,1245,1914
441,2,1245,1915
442,2,1245,1916
443,2,1245,1917
444,2,1245,1918
445,2,1245,1919
446,2,1245,1920
447,2,1245,1921
448,2,1245,1922
449,2,1245,1923
450,2,1245,1924
451,2,1245,1925
452,2,1246,1914
453,2,1246,1915
454,2,1246,1916
455,2,1246,1917
456,2,1246,1918
457,2,1246,1919
458,2,1246,1920
459,2,1246,1921
460,2,1246,1922
461,2,1246,1923
462,2,1246,1924
463,2,1246,1925
464,2,1247,1914
465,2,1247,1915
466,2,1247,1916
467,2,1247,1917
468,2,1247,1918
469,2,1247,1919
470,2,1247,1920
471,2,1247,1921
472,2,1247,1922
473,2,1247,1923
474,2,1247,1924
475,2,1247,1925
476,3,342,1166
477,3,342,1167
478,3,342,1168
479,3,342,1169
480,3,343,1166
481,3,343,1167
482,3,343,1168
483,3,343,1169
484,3,344,1164
485,3,344,1165
486,3,344,1166
487,3,344,1167
488,3,344,1168
489,3,344,1169
490,3,344,1170
491,3,344,1171
492,3,345,1164
493,3,345,1165
494,3,345,1166
495,3,345,1167
496,3,345,1168
497,3,345,1169
498,3,345,1170
499,3,345,1171
500,3,346,1164
501,3,346,1165
502,3,346,1166
503,3,346,1167
504,3,346,1168
505,3,346,1169
506,3,346,1170
507,3,346,1171
508,3,347,1164
509,3,347,1165
510,3,347,1166
511,3,347,1167
512,3,347,1168
513,3,347,1169
514,3,347,1170
515,3,347,1171
516,3,348,1164
517,3,348,1165
518,3,348,1166
519,3,348,1167
520,3,348,1168
521,3,348,1169
522,3,348,1170
523,3,348,1171
524,3,349,1164
525,3,349,1165
526,3,349,1166
527,3,349,1167
528,3,349,1168
529,3,349,1169
530,3,349,1170
531,3,349,1171
532,4,320,766
533,4,320,767
534,4,320,768
535,4,320,769
536,4,320,770
537,4,320,771
538,4,321,766
539,4,321,767
540,4,321,768
541,4,321,769
542,4,321,770
543,4,321,771
544,4,322,766
545,4,322,767
546,4,322,768
547,4,322,769
548,4,322,770
549,4,322,771
550,4,322,772
551,4,322,773
552,4,323,766
553,4,323,767
554,4,323,768
555,4,323,769
556,4,323,770
557,4,323,771
558,4,323,772
559,4,323,773
560,4,324,766
561,4,324,767
562,4,324,768
563,4,324,769
564,4,324,770
565,4,324,771
566,4,324,772
567,4,324,773
568,4,325,766
569,4,325,767
570,4,325,768
571,4,325,769
572,4,325,770
573,4,325,771
574,4,325,772
575,4,325,773
576,5,2106,3100
577,5,2106,3101
578,5,2106,3102
579,5,2106,3103
580,5,2106,3104
581,5,2106,3105
582,5,2106,3106
583,5,2106,3107
584,5,2107,3100
585,5,2107,3101
586,5,2107,3102
587,5,2107,3103
588,5,2107,3104
589,5,2107,3105
590,5,2107,3106
591,5,2107,3107
592,5,2108,3098
593,5,2108,3099
594,5,2108,3100
595,5,2108,3101
596,5,2108,3102
597,5,2108,3103
598,5,2108,3104
599,5,2108,3105
600,5,2108,3106
601,5,2108,3107
602,5,2108,3108
603,5,2108,3109
604,5,2109,3098
605,5,2109,3099
606,5,2109,3100
607,5,2109,3101
608,5,2109,3102
609,5,2109,3103
610,5,2109,3104
611,5,2109,3105
612,5,2109,3106
613,5,2109,3107
614,5,2109,3108
615,5,2109,3109
616,5,2110,3098
617,5,2110,3099
618,5,2110,3100
619,5,2110,3101
620,5,2110,3102
621,5,2110,3103
622,5,2110,3104
623,5,2110,3105
624,5,2110,3106
625,5,2110,3107
626,5,2110,3108
627,5,2110,3109
628,5,2111,3098
629,5,2111,3099
630,5,2111,3100
631,5,2111,3101
632,5,2111,3102
633,5,2111,3103
634,5,2111,3104
635,5,2111,3105
636,5,2111,3106
637,5,2111,3107
638,5,2111,3108
639,5,2111,3109
640,5,2112,3098
641,5,2112,3099
642,5,2112,3100
643,5,2112,3101
644,5,2112,3102
645,5,2112,3103
646,5,2112,3104
647,5,2112,3105
648,5,2112,3106
649,5,2112,3107
650,5,2112,3108
651,5,2112,3109
652,5,2113,3098
653,5,2113,3099
654,5,2113,3100
655,5,2113,3101
656,5,2113,3102
657,5,2113,3103
658,5,2113,3104
659,5,2113,3105
660,5,2113,3106
661,5,2113,3107
662,5,2113,3108
663,5,2113,3109
664,5,2114,3098
665,5,2114,3099
666,5,2114,3100
667,5,2114,3101
668,5,2114,3102
669,5,2114,3103
670,5,2114,3104
671,5,2114,3105
672,5,2114,3106
673,5,2114,3107
674,5,2114,3108
675,5,2114,3109
676,5,2115,3098
677,5,2115,3099
678,5,2115,3100
679,5,2115,3101
680,5,2115,3102
681,5,2115,3103
682,5,2115,3104
683,5,2115,3105
684,5,2115,3106
685,5,2115,3107
686,5,2115,3108
687,5,2115,3109
688,5,2116,3098
689,5,2116,3099
690,5,2116,3100
691,5,2116,3101
692,5,2116,3102
693,5,2116,3103
694,5,2116,3104
695,5,2116,3105
696,5,2116,3106
697,5,2116,3107
698,5,2116,3108
699,5,2116,3109
700,5,2117,3098
701,5,2117,3099
702,5,2117,3100
703,5,2117,3101
704,5,2117,3102
705,5,2117,3103
706,5,2117,3104
707,5,2117,3105
708,5,2117,3106
709,5,2117,3107
710,5,2117,3108
711,5,2117,3109
712,5,2118,3100
713,5,2118,3101
714,5,2118,3102
715,5,2118,3103
716,5,2118,3104
717,5,2118,3105
718,5,2118,3106
719,5,2118,3107
720,5,2119,3100
721,5,2119,3101
722,5,2119,3102
723,5,2119,3103
724,5,2119,3104
725,5,2119,3105
726,5,2119,3106
727,5,2119,3107
728,6,1792,272
729,6,1792,273
730,6,1792,274
731,6,1792,275
732,6,1793,272
733,6,1793,273
734,6,1793,274
735,6,1793,275
736,7,1496,1508
737,7,1496,1509
738,7,1496,1510
739,7,1496,1511
740,7,1496,1512
741,7,1496,1513
742,7,1497,1508
743,7,1497,1509
744,7,1497,1510
745,7,1497,1511
746,7,1497,1512
747,7,1497,1513
748,7,1498,1506
749,7,1498,1507
750,7,1498,1508
751,7,1498,1509
752,7,1498,1510
753,7,1498,1511
754,7,1498,1512
755,7,1498,1513
756,7,1499,1506
757,7,1499,1507
758,7,1499,1508
759,7,1499,1509
760,7,1499,1510
761,7,1499,1511
762,7,1499,1512
763,7,1499,1513
764,7,1500,1506
765,7,1500,1507
766,7,1500,1508
767,7,1500,1509
768,7,1500,1510
769,7,1500,1511
770,7,1500,1512
771,7,1500,1513
772,7,1501,1506
773,7,1501,1507
774,7,1501,1508
775,7,1501,1509
776,7,1501,1510
777,7,1501,1511
778,7,1501,1512
779,7,1501,1513
780,7,1502,1510
781,7,1502,1511
782,7,1502,1512
783,7,1502,1513
784,7,1503,1510
785,7,1503,1511
786,7,1503,1512
787,7,1503,1513
788,8,1232,1914
789,8,1232,1915
790,8,1232,1916
791,8,1232,1917
792,8,1232,1918
793,8,1232,1919
794,8,1233,1914
795,8,1233,1915
796,8,1233,1916
797,8,1233,1917
798,8,1233,1918
799,8,1233,1919
800,8,1234,1910
801,8,1234,1911
802,8,1234,1912
803,8,1234,1913
804,8,1234,1914
805,8,1234,1915
806,8,1234,1916
807,8,1234,1917
808,8,1234,1918
809,8,1234,1919
810,8,1234,1920
811,8,1234,1921
812,8,1234,1922
813,8,1234,1923
814,8,1235,1910
815,8,1235,1911
816,8,1235,1912
817,8,1235,1913
818,8,1235,1914
819,8,1235,1915
820,8,1235,1916
821,8,1235,1917
822,8,1235,1918
823,8,1235,1919
824,8,1235,1920
825,8,1235,1921
826,8,1235,1922
827,8,1235,1923
828,8,1236,1908
829,8,1236,1909
830,8,1236,1910
831,8,1236,1911
832,8,1236,1912
833,8,1236,1913
834,8,1236,1914
835,8,1236,1915
836,8,1236,1916
837,8,1236,1917
838,8,1236,1918
839,8,1236,1919
840,8,1236,1920
841,8,1236,1921
842,8,1236,1922
843,8,1236,1923
844,8,1236,1924
845,8,1236,1925
846,8,1237,1908
847,8,1237,1909
848,8,1237,1910
849,8,1237,1911
850,8,1237,1912
851,8,1237,1913
852,8,1237,1914
853,8,1237,1915
854,8,1237,1916
855,8,1237,1917
856,8,1237,1918
857,8,1237,1919
858,8,1237,1920
859,8,1237,1921
860,8,1237,1922
861,8,1237,1923
862,8,1237,1924
863,8,1237,1925
864,8,1238,1908
865,8,1238,1909
866,8,1238,1910
867,8,1238,1911
868,8,1238,1912
869,8,1238,1913
870,8,1238,1914
871,8,1238,1915
872,8,1238,1916
873,8,1238,1917
874,8,1238,1918
875,8,1238,1919
876,8,1238,1920
877,8,1238,1921
878,8,1238,1922
879,8,1238,1923
880,8,1238,1924
881,8,1238,1925
882,8,1238,1926
883,8,1238,1927
884,8,1239,1908
885,8,1239,1909
886,8,1239,1910
887,8,1239,1911
888,8,1239,1912
889,8,1239,1913
890,8,1239,1914
891,8,1239,1915
892,8,1239,1916
893,8,1239,1917
894,8,1239,1918
895,8,1239,1919
896,8,1239,1920
897,8,1239,1921
898,8,1239,1922
899,8,1239,1923
900,8,1239,1924
901,8,1239,1925
902,8,1239,1926
903,8,1239,1927
904,8,1240,1908
905,8,1240,1909
906,8,1240,1910
907,8,1240,1911
908,8,1240,1912
909,8,1240,1913
910,8,1240,1914
911,8,1240,1915
912,8,1240,1916
913,8,1240,1917
914,8,1240,1918
915,8,1240,1919
916,8,1240,1920
917,8,1240,1921
918,8,1240,1922
919,8,1240,1923
920,8,1240,1924
921,8,1240,1925
922,8,1240,1926
923,8,1240,1927
924,8,1241,1908
925,8,1241,1909
926,8,1241,1910
927,8,1241,1911
928,8,1241,1912
929,8,1241,1913
930,8,1241,1914
931,8,1241,1915
932,8,1241,1916
933,8,1241,1917
934,8,1241,1918
935,8,1241,1919
936,8,1241,1920
937,8,1241,1921
938,8,1241,1922
939,8,1241,1923
940,8,1241,1924
941,8,1241,1925
942,8,1241,1926
943,8,1241,1927
944,8,1242,1908
945,8,1242,1909
946,8,1242,1910
947,8,1242,1911
948,8,1242,1912
949,8,1242,1913
950,8,1242,1914
951,8,1242,1915
952,8,1242,1916
953,8,1242,1917
954,8,1242,1918
955,8,1242,1919
956,8,1242,1920
957,8,1242,1921
958,8,1242,1922
959,8,1242,1923
960,8,1242,1924
961,8,1242,1925
962,8,1242,1926
963,8,1242,1927
964,8,1243,1908
965,8,1243,1909
966,8,1243,1910
967,8,1243,1911
968,8,1243,1912
969,8,1243,1913
970,8,1243,1914
971,8,1243,1915
972,8,1243,1916
973,8,1243,1917
974,8,1243,1918
975,8,1243,1919
976,8,1243,1920
977,8,1243,1921
978,8,1243,1922
979,8,1243,1923
980,8,1243,1924
981,8,1243,1925
982,8,1243,1926
983,8,1243,1927
984,8,1244,1910
985,8,1244,1911
986,8,1244,1912
987,8,1244,1913
988,8,1244,1914
989,8,1244,1915
990,8,1244,1916
991,8,1244,1917
992,8,1244,1918
993,8,1244,1919
994,8,1244,1920
995,8,1244,1921
996,8,1244,1922
997,8,1244,1923
998,8,1244,1924
999,8,1244,1925
1000,8,1244,1926
1001,8,1244,1927
1002,8,1245,1910
1003,8,1245,1911
1004,8,1245,1912
1005,8,1245,1913
1006,8,1245,1914
1007,8,1245,1915
1008,8,1245,1916
1009,8,1245,1917
1010,8,1245,1918
1011,8,1245,1919
1012,8,1245,1920
1013,8,1245,1921
1014,8,1245,1922
1015,8,1245,1923
1016,8,1245,1924
1017,8,1245,1925
1018,8,1245,1926
1019,8,1245,1927
1020,8,1246,1910
1021,8,1246,1911
1022,8,1246,1912
1023,8,1246,1913
1024,8,1246,1914
1025,8,1246,1915
1026,8,1246,1916
1027,8,1246,1917
1028,8,1246,1918
1029,8,1246,1919
1030,8,1246,1920
1031,8,1246,1921
1032,8,1246,1922
1033,8,1246,1923
1034,8,1246,1924
1035,8,1246,1925
1036,8,1247,1910
1037,8,1247,1911
1038,8,1247,1912
1039,8,1247,1913
1040,8,1247,1914
1041,8,1247,1915
1042,8,1247,1916
1043,8,1247,1917
1044,8,1247,1918
1045,8,1247,1919
1046,8,1247,1920
1047,8,1247,1921
1048,8,1247,1922
1049,8,1247,1923
1050,8,1247,1924
1051,8,1247,1925
1052,9,1124,2914
1053,9,1124,2915
1054,9,1124,2916
1055,9,1124,2917
1056,9,1124,2918
1057,9,1124,2919
1058,9,1125,2914
1059,9,1125,2915
1060,9,1125,2916
1061,9,1125,2917
1062,9,1125,2918
1063,9,1125,2919
1064,9,1126,2912
1065,9,1126,2913
1066,9,1126,2914
1067,9,1126,2915
1068,9,1126,2916
1069,9,1126,2917
1070,9,1126,2918
1071,9,1126,2919
1072,9,1126,2920
1073,9,1126,2921
1074,9,1127,2912
1075,9,1127,2913
1076,9,1127,2914
1077,9,1127,2915
1078,9,1127,2916
1079,9,1127,2917
1080,9,1127,2918
1081,9,1127,2919
1082,9,1127,2920
1083,9,1127,2921
1084,9,1128,2912
1085,9,1128,2913
1086,9,1128,2914
1087,9,1128,2915
1088,9,1128,2916
1089,9,1128,2917
1090,9,1128,2918
1091,9,1128,2919
1092,9,1128,2920
1093,9,1128,2921
1094,9,1129,2912
1095,9,1129,2913
1096,9,1129,2914
1097,9,1129,2915
1098,9,1129,2916
1099,9,1129,2917
1100,9,1129,2918
1101,9,1129,2919
1102,9,1129,2920
1103,9,1129,2921
1104,9,1130,2912
1105,9,1130,2913
1106,9,1130,2914
1107,9,1130,2915
1108,9,1130,2916
1109,9,1130,2917
1110,9,1130,2918
1111,9,1130,2919
1112,9,1130,2920
1113,9,1130,2921
1114,9,1131,2912
1115,9,1131,2913
1116,9,1131,2914
1117,9,1131,2915
1118,9,1131,2916
1119,9,1131,2917
1120,9,1131,2918
1121,9,1131,2919
1122,9,1131,2920
1123,9,1131,2921
1124,9,1132,2912
1125,9,1132,2913
1126,9,1132,2914
1127,9,1132,2915
1128,9,1132,2916
1129,9,1132,2917
1130,9,1132,2918
1131,9,1132,2919
1132,9,1132,2920
1133,9,1132,2921
1134,9,1133,2912
1135,9,1133,2913
1136,9,1133,2914
1137,9,1133,2915
1138,9,1133,2916
1139,9,1133,2917
1140,9,1133,2918
1141,9,1133,2919
1142,9,1133,2920
1143,9,1133,2921
1144,9,1134,2914
1145,9,1134,2915
1146,9,1134,2916
1147,9,1134,2917
1148,9,1134,2918
1149,9,1134,2919
1150,9,1135,2914
1151,9,1135,2915
1152,9,1135,2916
1153,9,1135,2917
1154,9,1135,2918
1155,9,1135,2919
1156,10,352,2516
1157,10,352,2517
1158,10,352,2518
1159,10,352,2519
1160,10,352,2520
1161,10,352,2521
1162,10,353,2516
1163,10,353,2517
1164,10,353,2518
1165,10,353,2519
1166,10,353,2520
1167,10,353,2521
1168,10,354,2512
1169,10,354,2513
1170,10,354,2514
1171,10,354,2515
1172,10,354,2516
1173,10,354,2517
1174,10,354,2518
1175,10,354,2519
1176,10,354,2520
1177,10,354,2521
1178,10,354,2522
1179,10,354,2523
1180,10,355,2512
1181,10,355,2513
1182,10,355,2514
1183,10,355,2515
1184,10,355,2516
1185,10,355,2517
1186,10,355,2518
1187,10,355,2519
1188,10,355,2520
1189,10,355,2521
1190,10,355,2522
1191,10,355,2523
1192,10,356,2512
1193,10,356,2513
1194,10,356,2514
1195,10,356,2515
1196,10,356,2516
1197,10,356,2517
1198,10,356,2518
1199,10,356,2519
1200,10,356,2520
1201,10,356,2521
1202,10,356,2522
1203,10,356,2523
1204,10,357,2512
1205,10,357,2513
1206,10,357,2514
1207,10,357,2515
1208,10,357,2516
1209,10,357,2517
1210,10,357,2518
1211,10,357,2519
1212,10,357,2520
1213,10,357,2521
1214,10,357,2522
1215,10,357,2523
1216,10,358,2512
1217,10,358,2513
1218,10,358,2514
1219,10,358,2515
1220,10,358,2516
1221,10,358,2517
1222,10,358,2518
1223,10,358,2519
1224,10,358,2520
1225,10,358,2521
1226,10,358,2522
1227,10,358,2523
1228,10,359,2512
1229,10,359,2513
1230,10,359,2514
1231,10,359,2515
1232,10,359,2516
1233,10,359,2517
1234,10,359,2518
1235,10,359,2519
1236,10,359,2520
1237,10,359,2521
1238,10,359,2522
1239,10,359,2523
1240,10,360,2512
1241,10,360,2513
1242,10,360,2514
1243,10,360,2515
1244,10,360,2516
1245,10,360,2517
1246,10,360,2518
1247,10,360,2519
1248,10,360,2520
1249,10,360,2521
1250,10,360,2522
1251,10,360,2523
1252,10,361,2512
1253,10,361,2513
1254,10,361,2514
1255,10,361,2515
1256,10,361,2516
1257,10,361,2517
1258,10,361,2518
1259,10,361,2519
1260,10,361,2520
1261,10,361,2521
1262,10,361,2522
1263,10,361,2523
1264,10,362,2512
1265,10,362,2513
1266,10,362,2514
1267,10,362,2515
1268,10,362,2516
1269,10,362,2517
1270,10,362,2518
1271,10,362,2519
1272,10,362,2520
1273,10,362,2521
1274,10,363,2512
1275,10,363,2513
1276,10,363,2514
1277,10,363,2515
1278,10,363,2516
1279,10,363,2517
1280,10,363,2518
1281,10,363,2519
1282,10,363,2520
1283,10,363,2521
1284,11,258,420
1285,11,258,421
1286,11,258,422
1287,11,258,423
1288,11,259,420
1289,11,259,421
1290,11,259,422
1291,11,259,423
1292,11,260,416
1293,11,260,417
1294,11,260,418
1295,11,260,419
1296,11,260,420
1297,11,260,421
1298,11,260,422
1299,11,260,423
1300,11,260,424
1301,11,260,425
1302,11,261,416
1303,11,261,417
1304,11,261,418
1305,11,261,419
1306,11,261,420
1307,11,261,421
1308,11,261,422
1309,11,261,423
1310,11,261,424
1311,11,261,425
1312,11,262,414
1313,11,262,415
1314,11,262,416
1315,11,262,417
1316,11,262,418
1317,11,262,419
1318,11,262,420
1319,11,262,421
1320,11,262,422
1321,11,262,423
1322,11,262,424
1323,11,262,425
1324,11,262,426
1325,11,262,427
1326,11,262,428
1327,11,262,429
1328,11,262,430
1329,11,262,431
1330,11,262,432
1331,11,262,433
1332,11,262,434
1333,11,262,435
1334,11,263,414
1335,11,263,415
1336,11,263,416
1337,11,263,417
1338,11,263,418
1339,11,263,419
1340,11,263,420
1341,11,263,421
1342,11,263,422
1343,11,263,423
1344,11,263,424
1345,11,263,425
1346,11,263,426
1347,11,263,427
1348,11,263,428
1349,11,263,429
1350,11,263,430
1351,11,263,431
1352,11,263,432
1353,11,263,433
1354,11,263,434
1355,11,263,435
1356,11,264,414
1357,11,264,415
1358,11,264,416
1359,11,264,417
1360,11,264,418
1361,11,264,419
1362,11,264,420
1363,11,264,421
1364,11,264,422
1365,11,264,423
1366,11,264,424
1367,11,264,425
1368,11,264,426
1369,11,264,427
1370,11,264,428
1371,11,264,429
1372,11,264,430
1373,11,264,431
1374,11,264,432
1375,11,264,433
1376,11,264,434
1377,11,264,435
1378,11,264,436
1379,11,264,437
1380,11,265,414
1381,11,265,415
1382,11,265,416
1383,11,265,417
1384,11,265,418
1385,11,265,419
1386,11,265,420
1387,11,265,421
1388,11,265,422
1389,11,265,423
1390,11,265,424
1391,11,265,425
1392,11,265,426
1393,11,265,427
1394,11,265,428
1395,11,265,429
1396,11,265,430
1397,11,265,431
1398,11,265,432
1399,11,265,433
1400,11,265,434
1401,11,265,435
1402,11,265,436
1403,11,265,437
1404,11,266,412
1405,11,266,413
1406,11,266,414
1407,11,266,415
1408,11,266,416
1409,11,266,417
1410,11,266,418
1411,11,266,419
1412,11,266,420
1413,11,266,421
1414,11,266,422
1415,11,266,423
1416,11,266,424
1417,11,266,425
1418,11,266,426
1419,11,266,427
1420,11,266,428
1421,11,266,429
1422,11,266,430
1423,11,266,431
1424,11,266,432
1425,11,266,433
1426,11,266,434
1427,11,266,435
1428,11,266,436
1429,11,266,437
1430,11,267,412
1431,11,267,413
1432,11,267,414
1433,11,267,415
1434,11,267,416
1435,11,267,417
1436,11,267,418
1437,11,267,419
1438,11,267,420
1439,11,267,421
1440,11,267,422
1441,11,267,423
1442,11,267,424
1443,11,267,425
1444,11,267,426
1445,11,267,427
1446,11,267,428
1447,11,267,429
1448,11,267,430
1449,11,267,431
1450,11,267,432
1451,11,267,433
1452,11,267,434
1453,11,267,435
1454,11,267,436
1455,11,267,437
1456,11,268,410
1457,11,268,411
1458,11,268,412
1459,11,268,413
1460,11,268,414
1461,11,268,415
1462,11,268,416
1463,11,268,417
1464,11,268,418
1465,11,268,419
1466,11,268,420
1467,11,268,421
1468,11,268,422
1469,11,268,423
1470,11,268,424
1471,11,268,425
1472,11,268,426
1473,11,268,427
1474,11,268,428
1475,11,268,429
1476,11,268,430
1477,11,268,431
1478,11,268,432
1479,11,268,433
1480,11,268,434
1481,11,268,435
1482,11,268,436
1483,11,268,437
1484,11,269,410
1485,11,269,411
1486,11,269,412
1487,11,269,413
1488,11,269,414
1489,11,269,415
1490,11,269,416
1491,11,269,417
1492,11,269,418
1493,11,269,419
1494,11,269,420
1495,11,269,421
1496,11,269,422
1497,11,269,423
1498,11,269,424
1499,11,269,425
1500,11,269,426
1501,11,269,427
1502,11,269,428
1503,11,269,429
1504,11,269,430
1505,11,269,431
1506,11,269,432
1507,11,269,433
1508,11,269,434
1509,11,269,435
1510,11,269,436
1511,11,269,437
1512,11,270,410
1513,11,270,411
1514,11,270,412
1515,11,270,413
1516,11,270,414
1517,11,270,415
1518,11,270,416
1519,11,270,417
1520,11,270,418
1521,11,270,419
1522,11,270,420
1523,11,270,421
1524,11,270,422
1525,11,270,423
1526,11,270,424
1527,11,270,425
1528,11,270,426
1529,11,270,427
1530,11,270,428
1531,11,270,429
1532,11,270,430
1533,11,270,431
1534,11,270,432
1535,11,270,433
1536,11,270,434
1537,11,270,435
1538,11,270,436
1539,11,270,437
1540,11,271,410
1541,11,271,411
1542,11,271,412
1543,11,271,413
1544,11,271,414
1545,11,271,415
1546,11,271,416
1547,11,271,417
1548,11,271,418
1549,11,271,419
1550,11,271,420
1551,11,271,421
1552,11,271,422
1553,11,271,423
1554,11,271,424
1555,11,271,425
1556,11,271,426
1557,11,271,427
1558,11,271,428
1559,11,271,429
1560,11,271,430
1561,11,271,431
1562,11,271,432
1563,11,271,433
1564,11,271,434
1565,11,271,435
1566,11,271,436
1567,11,271,437
1568,11,272,412
1569,11,272,413
1570,11,272,414
1571,11,272,415
1572,11,272,416
1573,11,272,417
1574,11,272,418
1575,11,272,419
1576,11,272,420
1577,11,272,421
1578,11,272,422
1579,11,272,423
1580,11,272,424
1581,11,272,425
1582,11,272,426
1583,11,272,427
1584,11,272,428
1585,11,272,429
1586,11,272,430
1587,11,272,431
1588,11,272,432
1589,11,272,433
1590,11,272,434
1591,11,272,435
1592,11,272,436
1593,11,272,437
1594,11,273,412
1595,11,273,413
1596,11,273,414
1597,11,273,415
1598,11,273,416
1599,11,273,417
1600,11,273,418
1601,11,273,419
1602,11,273,420
1603,11,273,421
1604,11,273,422
1605,11,273,423
1606,11,273,424
1607,11,273,425
1608,11,273,426
1609,11,273,427
1610,11,273,428
1611,11,273,429
1612,11,273,430
1613,11,273,431
1614,11,273,432
1615,11,273,433
1616,11,273,434
1617,11,273,435
1618,11,273,436
1619,11,273,437
